baseMean,log2FoldChange,lfcSE,stat,pvalue,padj,gene
3.363780409,1.08915521,0.384848291,2.830089765,0.004653495,0.021665195,ENSG00000278267
20.19758214,1.332909276,0.462520799,2.8818364,0.00395365,0.019114179,ENSG00000162576
35.49950683,1.483396569,0.425367349,3.487330593,0.000487868,0.003668802,ENSG00000116285
21.35649757,1.260686856,0.424080937,2.972750589,0.002951442,0.015292879,ENSG00000158748
15.47049852,1.203651757,0.361154084,3.332792871,0.000859789,0.005776509,ENSG00000261326
151.592161,1.024825269,0.307655154,3.33108435,0.000865084,0.005803895,ENSG00000117318
3.261973776,1.248267826,0.449880862,2.774663096,0.005525892,0.024814092,ENSG00000271398
5.439021476,1.240822989,0.463012019,2.679893693,0.007364554,0.030974231,ENSG00000221539
4.166229978,1.49020526,0.441028466,3.378932146,0.00072768,0.005064444,ENSG00000238063
1.570642127,1.809012872,0.570143599,3.172907446,0.001509206,0.008989456,ENSG00000230896
17.69935386,1.033739488,0.286518381,3.607934281,0.000308645,0.002546127,ENSG00000225632
50.28282578,1.00673295,0.247570352,4.066451991,4.77E-05,0.000550936,ENSG00000162396
23.50834405,1.442853466,0.432284423,3.337741056,0.000844624,0.005692976,ENSG00000158966
23.16256228,1.844255029,0.364095022,5.065312397,4.08E-07,9.71E-06,ENSG00000162594
48.70734275,1.206410574,0.394878977,3.055140041,0.002249555,0.012396157,ENSG00000116761
12.10980144,1.316284938,0.533280165,2.468280323,0.013576395,0.04900848,ENSG00000162692
248.5421968,1.055724027,0.215467943,4.899680259,9.60E-07,2.02E-05,ENSG00000181754
10.29197642,1.409804162,0.570755944,2.470064793,0.013508858,0.04883337,ENSG00000281741
1.218471487,1.849319284,0.741131461,2.495264849,0.012586315,0.046276114,ENSG00000227212
70.90131257,1.038340396,0.327535707,3.170159388,0.001523553,0.009052275,ENSG00000143365
8.407243079,1.170537531,0.327195311,3.577488705,0.000346911,0.002790689,ENSG00000229961
1.987519917,1.258910364,0.511438443,2.461509066,0.01383539,0.049733328,ENSG00000227776
46.51895622,1.105689971,0.373913035,2.957077893,0.003105697,0.015909716,ENSG00000143184
83.41166501,1.22261972,0.279254567,4.378154782,1.20E-05,0.000174199,ENSG00000117479
170.9910925,1.099892803,0.270194443,4.070745463,4.69E-05,0.000542453,ENSG00000117560
42.62861831,1.118097424,0.321418093,3.478638722,0.000503968,0.003767779,ENSG00000198756
1.613101895,1.63024495,0.646370707,2.522151657,0.011663941,0.043792641,ENSG00000233057
76.51299372,1.212975589,0.375609544,3.229352418,0.001240709,0.007708956,ENSG00000143847
14.5061835,2.486905068,0.463917201,5.360665787,8.29E-08,2.46E-06,ENSG00000163485
9572.234224,1.048498175,0.251666435,4.166221742,3.10E-05,0.000385597,ENSG00000159388
26.45724544,1.06024893,0.363837553,2.914072287,0.003567473,0.017669907,ENSG00000117595
998.9145709,1.522472325,0.483380326,3.149636517,0.001634737,0.009583827,ENSG00000162772
19.84734626,1.051606796,0.3477868,3.02371107,0.002496948,0.013443925,ENSG00000183780
30.7657347,1.455143273,0.51155977,2.844522493,0.004447805,0.020932617,ENSG00000177535
25.6875755,1.276798389,0.383482307,3.329484482,0.000870069,0.005825667,ENSG00000225234
1.119468475,2.15744148,0.690087307,3.126331203,0.001770021,0.010225152,ENSG00000187536
185.6537082,1.111266005,0.229609534,4.839807763,1.30E-06,2.60E-05,ENSG00000171174
2.362017608,2.060426839,0.765192162,2.692692033,0.007087771,0.030113993,ENSG00000270210
17.8992458,1.13819658,0.306045534,3.719043254,0.000199979,0.001784822,ENSG00000163806
8.822150901,1.052981385,0.40743406,2.5844216,0.009754248,0.038358962,ENSG00000116031
6.381959593,1.210017272,0.263328592,4.595085028,4.33E-06,7.29E-05,ENSG00000188687
289.9755817,1.069741123,0.178600836,5.989563922,2.10E-09,9.60E-08,ENSG00000168758
573.7492387,1.118629508,0.242523511,4.612457997,3.98E-06,6.81E-05,ENSG00000115607
8.934798718,1.076111139,0.406777176,2.645456044,0.008158089,0.033478154,ENSG00000234389
138.3294122,1.224794649,0.274089534,4.46859327,7.87E-06,0.00012268,ENSG00000135960
29.72331793,2.867774159,0.926874266,3.094027167,0.001974594,0.011138701,ENSG00000115008
3127.774985,1.727226098,0.43112341,4.006337995,6.17E-05,0.000677732,ENSG00000125538
9360.320487,1.161476431,0.290142174,4.003128591,6.25E-05,0.000685639,ENSG00000121966
1.90635815,1.669234423,0.6287718,2.654753955,0.007936627,0.032768562,ENSG00000279024
348.5038209,2.059476872,0.644432148,3.195800952,0.001394433,0.008449203,ENSG00000123610
1.802549522,2.124432082,0.848511159,2.503717317,0.012289618,0.045562044,ENSG00000242113
8591.672854,1.491627556,0.4810556,3.100738369,0.001930388,0.01096726,ENSG00000153234
61.09591378,2.580543927,0.398609941,6.473857423,9.55E-11,6.14E-09,ENSG00000144290
2.034865415,1.335159069,0.502838562,2.655243987,0.007925106,0.032729099,ENSG00000273258
1994.572671,1.059742126,0.223860021,4.733949901,2.20E-06,4.09E-05,ENSG00000116044
13.28369218,1.226647217,0.298311579,4.111966492,3.92E-05,0.000466344,ENSG00000226726
87.42004544,2.464567341,0.732365037,3.365217095,0.000764835,0.005266965,ENSG00000115009
32.41076932,1.090598778,0.262775065,4.150313039,3.32E-05,0.000408671,ENSG00000186235
49.86269453,2.010220826,0.401474703,5.007092131,5.53E-07,1.25E-05,ENSG00000226321
84.61377955,1.803891127,0.465975268,3.871216462,0.000108294,0.001082809,ENSG00000233392
310.6372887,1.653045275,0.378650733,4.365620163,1.27E-05,0.000183185,ENSG00000121797
1.027178395,1.818444026,0.714109362,2.546450338,0.010882469,0.041612966,ENSG00000239576
1.596359556,2.209617172,0.754847774,2.927235463,0.003419899,0.017126325,ENSG00000222345
109.7252573,1.941954137,0.267826199,7.250799752,4.14E-13,4.17E-11,ENSG00000157445
246.7981835,1.026523871,0.342818897,2.994361976,0.002750195,0.014486965,ENSG00000163376
1231.476366,1.142876693,0.214763388,5.321562046,1.03E-07,2.99E-06,ENSG00000241163
7.171690118,1.058482041,0.306759353,3.450528987,0.000559489,0.00409559,ENSG00000276471
5.654096329,1.487260386,0.360847679,4.12157393,3.76E-05,0.000450363,ENSG00000242609
38.06996243,1.597498124,0.367646391,4.34520279,1.39E-05,0.000197524,ENSG00000168386
219.5369996,1.209592718,0.206730635,5.851056956,4.88E-09,2.01E-07,ENSG00000163606
2.664507273,1.159125371,0.419761089,2.761393087,0.005755536,0.025634007,ENSG00000240254
40.61428553,1.024728816,0.196293382,5.220394106,1.79E-07,4.79E-06,ENSG00000196981
1.889411212,1.533756409,0.576178546,2.661946405,0.007769025,0.032276397,ENSG00000249691
28.9351744,1.046335978,0.233611174,4.478963732,7.50E-06,0.000117584,ENSG00000144935
47.70463207,1.141867987,0.235106493,4.85681179,1.19E-06,2.42E-05,ENSG00000197980
179.600763,1.121009344,0.384504019,2.915468472,0.00355155,0.01760935,ENSG00000163661
40.46075156,1.069681489,0.31925711,3.350533022,0.000806562,0.005494178,ENSG00000178053
51.63803889,1.535400272,0.474661002,3.234730188,0.001217577,0.007598521,ENSG00000114315
1.811843797,2.554976491,0.823874182,3.101173149,0.001927555,0.010958535,ENSG00000251129
0.866517643,1.733865169,0.684761158,2.532072896,0.011339042,0.042886683,ENSG00000279913
11.60764649,1.047188242,0.307932608,3.400705921,0.000672121,0.004737096,ENSG00000249741
13.06095978,1.01988501,0.387036664,2.635112135,0.008410949,0.034222659,ENSG00000170390
5.470554876,1.032768988,0.370831488,2.785008881,0.005352626,0.02423909,ENSG00000248991
4.284675377,1.745308602,0.42336637,4.122454513,3.75E-05,0.000449451,ENSG00000286302
26.32246545,1.733295051,0.581941253,2.978470837,0.002896906,0.015072943,ENSG00000150625
4896.876533,1.112591387,0.278630405,3.99307243,6.52E-05,0.000708399,ENSG00000171522
539.2450676,1.381649103,0.360938815,3.827931616,0.000129225,0.001254401,ENSG00000145632
14.6519931,1.023871598,0.208062671,4.9209769,8.61E-07,1.85E-05,ENSG00000152931
2.104262356,2.509173964,0.68304732,3.673499465,0.000239251,0.002072102,ENSG00000249856
62.62203403,1.054666727,0.140607156,7.500804061,6.34E-14,7.29E-12,ENSG00000176055
496.1025852,1.123929156,0.310717952,3.61720058,0.000297807,0.002474473,ENSG00000145780
15.67914412,1.080996754,0.296825154,3.641863694,0.000270671,0.002295921,ENSG00000255833
1.750767466,1.285425979,0.511848082,2.511342768,0.012027285,0.044843765,ENSG00000252464
4.134161127,1.160328133,0.405008821,2.864945335,0.004170812,0.019935718,ENSG00000286644
4995.495691,1.581515237,0.45832635,3.450631273,0.000559277,0.004094979,ENSG00000112149
6.11171328,1.211225053,0.381182933,3.177542715,0.001485288,0.008888271,ENSG00000285849
65.75097771,1.562733667,0.536772017,2.911354572,0.003598654,0.017780849,ENSG00000197279
6.535956683,1.16345001,0.416569929,2.792928459,0.005223324,0.023741578,ENSG00000219891
825.5325369,1.240183975,0.406016774,3.054514135,0.002254254,0.012417949,ENSG00000232810
468.904482,1.182179834,0.198755348,5.947914592,2.72E-09,1.20E-07,ENSG00000204389
148.6758345,2.845011766,0.521641361,5.453961242,4.93E-08,1.56E-06,ENSG00000204388
8.757567635,1.184236935,0.349430757,3.389046072,0.000701362,0.004913072,ENSG00000204314
292.8628277,1.762089996,0.673397121,2.616717447,0.00887798,0.035696052,ENSG00000237541
367.2230303,1.35623364,0.538161743,2.520122727,0.011731392,0.043986455,ENSG00000232629
5.83286954,1.39018463,0.401596266,3.461647303,0.00053688,0.003972866,ENSG00000285888
21.8153265,1.001457146,0.320186006,3.127735522,0.001761586,0.010178189,ENSG00000180113
215.6121067,1.025253134,0.299436865,3.423937581,0.000617208,0.004423943,ENSG00000146070
8.488067425,1.093902923,0.308323827,3.547902653,0.000388312,0.003048151,ENSG00000236345
21.59293313,1.502464327,0.306680728,4.899115562,9.63E-07,2.02E-05,ENSG00000118402
4.315636501,2.606525043,0.62913349,4.143039731,3.43E-05,0.000419225,ENSG00000146250
10.87954406,1.198885859,0.377408295,3.176628273,0.001489979,0.008908347,ENSG00000154548
33.01064641,1.280646321,0.298863465,4.28505478,1.83E-05,0.000247733,ENSG00000287789
77.06970527,1.00845374,0.217698992,4.632330773,3.62E-06,6.26E-05,ENSG00000112394
40.08367817,1.701294445,0.404566072,4.205232628,2.61E-05,0.00033396,ENSG00000220412
24156.38507,1.311385556,0.471292242,2.782531601,0.005393661,0.024384102,ENSG00000118503
1.021038271,2.463315957,0.906584281,2.717139497,0.006584885,0.028426514,ENSG00000234147
161.315303,1.168241841,0.166450308,7.018562193,2.24E-12,1.99E-10,ENSG00000118496
5194.412085,1.620821382,0.3063464,5.290812566,1.22E-07,3.43E-06,ENSG00000164691
2.139303292,1.073006757,0.434281902,2.47076093,0.013482592,0.048764893,ENSG00000266245
51.31277396,1.688840286,0.620755416,2.720621104,0.00651594,0.028190931,ENSG00000106341
23.61427803,1.361048378,0.442837167,3.073473685,0.002115823,0.011774035,ENSG00000228668
3.117870218,1.263305421,0.398130442,3.173094258,0.001508235,0.008986884,ENSG00000206838
59.1060124,1.141068557,0.252062298,4.526930705,5.98E-06,9.63E-05,ENSG00000197093
137.5678898,1.006192811,0.250035531,4.024199314,5.72E-05,0.00063947,ENSG00000121716
4.139393274,1.133099944,0.309358961,3.662735165,0.000249536,0.002149456,ENSG00000287631
32.41133484,1.747259927,0.558485265,3.128569431,0.001756595,0.010162305,ENSG00000091129
286.9269494,1.535326478,0.337607903,4.547661542,5.42E-06,8.84E-05,ENSG00000173114
14.83063619,1.599262,0.272384372,5.871342713,4.32E-09,1.81E-07,ENSG00000211713
2.087729105,1.44627464,0.478237197,3.024178478,0.002493093,0.013429676,ENSG00000275243
16.74082192,1.053188571,0.300262467,3.507559847,0.000452237,0.003447503,ENSG00000243746
1185.476873,1.018647159,0.256007438,3.97897485,6.92E-05,0.000745908,ENSG00000171115
40.07455474,1.034286647,0.204299196,5.062607512,4.14E-07,9.81E-06,ENSG00000188158
25.24268189,1.311565859,0.408067743,3.214088544,0.001308593,0.008028285,ENSG00000102174
7.624296389,1.101414964,0.377751801,2.91571069,0.003548794,0.017600562,ENSG00000213997
59.3894439,1.049816629,0.397811405,2.638980722,0.008315571,0.033938115,ENSG00000274588
2.223070337,1.740301956,0.494317275,3.520617311,0.000430543,0.003309369,ENSG00000239577
317.295263,1.026693004,0.208298204,4.928957545,8.27E-07,1.78E-05,ENSG00000147138
3.705717753,2.23062323,0.549218523,4.06144938,4.88E-05,0.000560936,ENSG00000229939
11.56320598,1.044080339,0.25873179,4.035377099,5.45E-05,0.0006141,ENSG00000178947
7.895004544,1.207355788,0.447313596,2.699126071,0.006952183,0.029651267,ENSG00000036565
130.469446,1.128187249,0.356194126,3.167338168,0.001538413,0.009124306,ENSG00000120875
11.95917895,4.421460036,1.027415593,4.303477645,1.68E-05,0.000230959,ENSG00000287535
342.6581159,1.024521849,0.340202877,3.011502605,0.002599582,0.013879976,ENSG00000205189
10.61749311,1.041903571,0.268937758,3.87414389,0.000107,0.00107335,ENSG00000180938
5.148602039,1.424847079,0.47699372,2.987140122,0.002816006,0.014766903,ENSG00000253651
18.52634868,1.425296413,0.344476509,4.137572162,3.51E-05,0.000426366,ENSG00000286010
18.23744384,1.171449848,0.293323052,3.993719013,6.50E-05,0.000706699,ENSG00000287095
17.94076345,2.045142305,0.576189182,3.549428505,0.000386068,0.003033953,ENSG00000259820
20.73428249,1.204665045,0.348332317,3.458378643,0.000543437,0.00400893,ENSG00000204882
169.3163656,1.192157549,0.297309397,4.009821281,6.08E-05,0.000670685,ENSG00000261150
11.39074199,1.023077967,0.292856534,3.493444226,0.000476833,0.003602879,ENSG00000255559
6.451389573,1.008923175,0.314067566,3.212439881,0.001316127,0.008062637,ENSG00000275160
446.6288342,1.246106671,0.282160981,4.416296922,1.00E-05,0.000150267,ENSG00000165092
986.0041319,1.026062023,0.129639399,7.914739119,2.48E-15,3.58E-13,ENSG00000106799
440.5087925,1.445202115,0.519913207,2.779698794,0.005440934,0.024556157,ENSG00000119508
2.702739152,2.928762104,0.551602893,5.309548117,1.10E-07,3.15E-06,ENSG00000236783
19.6908732,1.987521199,0.303344181,6.552033383,5.68E-11,3.86E-09,ENSG00000213557
8.243704214,1.12444013,0.296771552,3.788908072,0.000151311,0.001427245,ENSG00000286196
148.5480961,1.856001332,0.503290636,3.687732691,0.000226261,0.00197654,ENSG00000130558
15.62715643,1.003218426,0.284789178,3.522670461,0.000427222,0.003289907,ENSG00000279141
89.52595475,1.852790817,0.628540534,2.947766641,0.003200786,0.016286739,ENSG00000198435
97.33567926,1.296689747,0.216503676,5.989227381,2.11E-09,9.60E-08,ENSG00000166341
7.55180931,1.008910245,0.367677925,2.744005492,0.006069452,0.026717068,ENSG00000255521
110.6511327,1.098954685,0.363698404,3.021609865,0.002514344,0.013517942,ENSG00000183134
98.95611331,1.214205916,0.370024581,3.281419606,0.00103286,0.006692513,ENSG00000174807
5.94224536,1.609420555,0.475261668,3.386388305,0.000708191,0.004958824,ENSG00000254441
2.644601949,1.384978365,0.454453278,3.047570418,0.002306995,0.012639571,ENSG00000187151
409.5725171,1.075365162,0.24331357,4.419667848,9.89E-06,0.000148341,ENSG00000160588
7.77923493,1.002941337,0.302019557,3.320782756,0.000897654,0.005971941,ENSG00000273415
4.310194538,1.043915756,0.412699627,2.529480736,0.011423144,0.04314605,ENSG00000281097
841.8027371,2.011405275,0.466449988,4.312156342,1.62E-05,0.000223496,ENSG00000165997
860.8128202,1.221851554,0.459687949,2.658002142,0.007860539,0.032534983,ENSG00000095794
21.51531238,1.140310058,0.212186092,5.37410369,7.70E-08,2.31E-06,ENSG00000196793
56.14691488,1.143620074,0.26288237,4.350311026,1.36E-05,0.000193964,ENSG00000156510
3.898591411,1.177293004,0.372519589,3.160351938,0.001575787,0.009299406,ENSG00000229990
18.55941941,1.24337105,0.33327053,3.730816074,0.000190861,0.001719085,ENSG00000156395
49.96911908,1.19499399,0.38197115,3.128492796,0.001757053,0.010162305,ENSG00000171798
8.999045416,1.195109991,0.3596176,3.323280041,0.000889656,0.005927008,ENSG00000130037
285.5632574,2.663348847,0.840212827,3.16985026,0.001525175,0.009060296,ENSG00000173391
58.26613199,1.10612193,0.420495747,2.63051871,0.008525468,0.034565792,ENSG00000165685
90.05949157,1.263446587,0.195850368,6.451080994,1.11E-10,6.97E-09,ENSG00000245648
70.83543169,1.729448631,0.262126444,6.597764814,4.17E-11,2.94E-09,ENSG00000213809
7.383846801,1.183442689,0.32964469,3.590055366,0.000330608,0.002687417,ENSG00000183542
5.785230844,1.567933543,0.616062809,2.545087157,0.010925047,0.041723142,ENSG00000180574
1.68308887,3.257583549,0.979579446,3.325491938,0.000882627,0.005896674,ENSG00000256377
8.808867204,1.082043941,0.31185595,3.469691505,0.000521056,0.003871907,ENSG00000275481
27.08674168,1.511192353,0.393914356,3.836347496,0.000124878,0.00122268,ENSG00000177875
92.44222222,1.43015383,0.541188243,2.642618073,0.008226778,0.03369119,ENSG00000172602
14.38605772,1.134400173,0.336835635,3.367815201,0.000757664,0.005225137,ENSG00000257495
141.0354454,1.380814342,0.287135667,4.808926587,1.52E-06,2.97E-05,ENSG00000110944
5.891160083,1.030351354,0.416522976,2.473696323,0.013372331,0.048455445,ENSG00000239335
0.854828019,1.724985896,0.663004952,2.601769248,0.009274423,0.036933759,ENSG00000257941
53.56140734,1.046904747,0.240893986,4.345914838,1.39E-05,0.000197098,ENSG00000179941
2.928605397,2.084800164,0.798071706,2.6122968,0.008993614,0.036082669,ENSG00000255650
5.029698099,1.027535609,0.401481492,2.559359845,0.010486513,0.040460807,ENSG00000272849
491.4617183,1.509779081,0.315118114,4.791152955,1.66E-06,3.21E-05,ENSG00000182782
339.3662845,1.181258629,0.267442516,4.416869264,1.00E-05,0.000149937,ENSG00000255398
77.08418397,1.325296587,0.217409222,6.095861871,1.09E-09,5.35E-08,ENSG00000111452
116.1352876,1.058025977,0.214361253,4.935714642,7.99E-07,1.73E-05,ENSG00000256223
20.61602437,2.966212199,0.950150219,3.121834991,0.001797276,0.010357481,ENSG00000165474
19.90782444,1.027956381,0.230546511,4.458780912,8.24E-06,0.000127361,ENSG00000102678
13.12507575,1.261420482,0.392718289,3.212023774,0.001318035,0.0080703,ENSG00000133116
4.342971165,1.838713788,0.48741238,3.772398615,0.000161686,0.001505514,ENSG00000223336
194.1482392,1.779182792,0.239208292,7.437797319,1.02E-13,1.13E-11,ENSG00000152207
20.44526275,1.369054681,0.275918748,4.961803766,6.98E-07,1.54E-05,ENSG00000281106
184.6180264,1.063191051,0.269690756,3.942259895,8.07E-05,0.000847618,ENSG00000235532
370.5250143,1.460398708,0.29118106,5.015431668,5.29E-07,1.21E-05,ENSG00000125245
19.57937717,1.148482813,0.464126815,2.474502172,0.013342201,0.048377811,ENSG00000041515
106.7378015,2.480969253,0.605436031,4.097822271,4.17E-05,0.000490695,ENSG00000211821
2.491832838,1.741730256,0.53411235,3.260981055,0.001110275,0.007082647,ENSG00000211835
6.48564076,1.008877408,0.328399236,3.072106442,0.002125539,0.01182021,ENSG00000211836
5.8516403,1.059376556,0.319521447,3.315510008,0.000914761,0.006065178,ENSG00000211845
3.586960472,1.074498174,0.367702692,2.922192836,0.003475763,0.017339293,ENSG00000211847
5.053547408,1.345802064,0.349586137,3.849700891,0.000118262,0.001169088,ENSG00000211848
5.47477591,1.119836672,0.293919951,3.810005639,0.000138964,0.001329203,ENSG00000211851
7.577835829,1.785186582,0.302333213,5.904698865,3.53E-09,1.51E-07,ENSG00000211856
14.26512243,1.065918426,0.259765685,4.103384271,4.07E-05,0.000480232,ENSG00000211857
1.463937754,1.895160363,0.627805883,3.01870437,0.002538581,0.013608754,ENSG00000211875
2.12061293,1.528940152,0.520690681,2.936369341,0.003320787,0.016754171,ENSG00000211886
4.530446941,1.14462601,0.358839199,3.189802044,0.001423703,0.008592207,ENSG00000211887
30.21357595,1.322447261,0.370974296,3.564794849,0.000364141,0.002887494,ENSG00000257957
2.300631782,1.815304412,0.524387758,3.461759704,0.000536656,0.003972187,ENSG00000125378
7.137976184,1.389088362,0.343436455,4.044673602,5.24E-05,0.00059425,ENSG00000258872
1115.705915,1.26654453,0.253714927,4.991998479,5.98E-07,1.34E-05,ENSG00000139970
29.65290803,1.182893559,0.339906717,3.480053497,0.000501314,0.003752144,ENSG00000258511
24.50462057,1.147214655,0.304264816,3.770447963,0.000162955,0.001516061,ENSG00000183092
15.48364998,1.573888136,0.370503509,4.24797093,2.16E-05,0.000284301,ENSG00000259161
957.0779953,1.120106622,0.21080217,5.313544064,1.08E-07,3.09E-06,ENSG00000183484
364.4980548,1.370120461,0.261439888,5.240671091,1.60E-07,4.35E-06,ENSG00000182809
329.6481235,1.100978906,0.253858454,4.336979478,1.44E-05,0.000203341,ENSG00000276550
3.624442985,1.045199574,0.385199583,2.713397469,0.006659717,0.02867161,ENSG00000259709
1.902453576,1.559458004,0.537071353,2.903632814,0.003688605,0.018108486,ENSG00000259513
3.488711111,1.14351747,0.415267392,2.753689529,0.005892764,0.026114875,ENSG00000129028
8.499661703,1.075912461,0.308335618,3.489419967,0.00048407,0.003642706,ENSG00000255769
45.89304169,1.753729409,0.527374807,3.32539474,0.000882934,0.005897548,ENSG00000007038
87.47448781,1.007949002,0.197615335,5.100560641,3.39E-07,8.30E-06,ENSG00000167981
18.60514149,3.004099983,0.837282888,3.587915177,0.000333333,0.002704293,ENSG00000254681
33.6838264,1.653651245,0.436340355,3.789819638,0.000150757,0.001423194,ENSG00000237296
2.785809757,1.229971065,0.421085327,2.920954463,0.003489608,0.01739535,ENSG00000262714
12.31837967,1.727824361,0.580721311,2.97530731,0.002926952,0.015194812,ENSG00000260135
7.813838555,1.159002262,0.322993389,3.588315742,0.000332821,0.0027008,ENSG00000280163
0.861311753,2.402385934,0.783216753,3.067332158,0.002159787,0.011980692,ENSG00000261029
2.860968296,1.311165536,0.531239946,2.468123011,0.013582364,0.049024716,ENSG00000261327
20.68485295,1.056934345,0.365599815,2.890959735,0.003840673,0.018689302,ENSG00000109099
47.67475397,1.046724891,0.170497766,6.139229369,8.29E-10,4.25E-08,ENSG00000154016
21.82376083,1.285826978,0.314058342,4.09422966,4.24E-05,0.000497312,ENSG00000142494
9.833200911,1.425906947,0.459039559,3.106283365,0.001894551,0.010813403,ENSG00000233098
9.105415616,1.080737363,0.283676786,3.809749041,0.000139108,0.001330202,ENSG00000277450
2204.112447,1.445703792,0.356842427,4.051378655,5.09E-05,0.000579641,ENSG00000275302
137.3384491,1.163642836,0.365935629,3.179911281,0.001473201,0.008834478,ENSG00000175906
9.746612079,1.436946509,0.388816969,3.695688783,0.000219291,0.001926253,ENSG00000233483
46.18283277,1.780016167,0.39041328,4.559312551,5.13E-06,8.45E-05,ENSG00000183691
24.42689611,1.766454662,0.698754155,2.528005952,0.011471241,0.043263259,ENSG00000129654
6.278874312,1.943570885,0.533783456,3.641122372,0.000271452,0.002300787,ENSG00000287403
805.9307792,1.074616365,0.255588308,4.204481701,2.62E-05,0.000334567,ENSG00000177426
8.133031097,1.090494005,0.355655047,3.066156422,0.002168298,0.012023906,ENSG00000265316
53.38086504,1.410165518,0.400488221,3.521116084,0.000429734,0.003303912,ENSG00000134765
1.484302383,1.794070115,0.680927378,2.634745164,0.008420047,0.034242759,ENSG00000215595
4.346109368,2.289987476,0.769745023,2.974994844,0.002929935,0.01520793,ENSG00000287561
8.159242085,1.200035683,0.451053499,2.660517403,0.00780207,0.032369318,ENSG00000263905
10.66246635,1.029330357,0.378541175,2.719203156,0.00654394,0.028290048,ENSG00000132622
21.13258693,1.821828819,0.330514532,5.512099,3.55E-08,1.18E-06,ENSG00000277301
2.050937493,1.815804436,0.585681341,3.100328301,0.001933063,0.010974976,ENSG00000222460
3.423832848,1.070979523,0.413618729,2.589291653,0.00961736,0.037959429,ENSG00000273451
211.1132228,1.064130922,0.168843984,6.302450932,2.93E-10,1.68E-08,ENSG00000087589
7.025264871,2.995601172,0.669077129,4.477213523,7.56E-06,0.000118329,ENSG00000101197
39.77114772,1.384125087,0.263345114,5.255936083,1.47E-07,4.04E-06,ENSG00000268758
25.58843281,1.213239435,0.279850488,4.335312908,1.46E-05,0.000204522,ENSG00000090659
21.03479051,1.004362661,0.26577621,3.778978793,0.000157473,0.001470393,ENSG00000286138
240.1327193,1.10932215,0.198891339,5.577528705,2.44E-08,8.45E-07,ENSG00000142303
19.12078876,1.225738018,0.37945635,3.230247739,0.00123683,0.007697482,ENSG00000080573
87.27163802,1.039209061,0.194609978,5.339957743,9.30E-08,2.73E-06,ENSG00000188868
2.452230791,1.577204766,0.548439723,2.875803303,0.004030008,0.019407362,ENSG00000263800
189.2433178,1.383903726,0.308752959,4.482236325,7.39E-06,0.000116067,ENSG00000131355
3.126825819,1.506314361,0.538117337,2.799230308,0.005122459,0.023388096,ENSG00000179913
287.5036429,1.248392802,0.310545601,4.019998347,5.82E-05,0.000647289,ENSG00000105708
21.55221403,1.220240807,0.27069978,4.507727363,6.55E-06,0.00010439,ENSG00000267767
11.17720843,1.138687904,0.411110866,2.76978304,0.005609364,0.025119345,ENSG00000261754
64.11700295,1.130755702,0.221324532,5.109039155,3.24E-07,7.97E-06,ENSG00000171817
97.17224274,1.054996189,0.203395941,5.186908766,2.14E-07,5.57E-06,ENSG00000180479
68.06192898,1.300885271,0.192718811,6.750172771,1.48E-11,1.15E-09,ENSG00000198182
5.260070536,1.713320366,0.420413958,4.075317514,4.60E-05,0.000534057,ENSG00000267422
163.7020911,1.536492321,0.529383495,2.90241826,0.003702938,0.018162806,ENSG00000124466
29.04297756,1.088753563,0.16063963,6.777614989,1.22E-11,9.63E-10,ENSG00000186026
7601.720449,1.139734286,0.2966464,3.842063426,0.000122004,0.001200292,ENSG00000125740
7.94147477,1.485709394,0.462548371,3.212008703,0.001318104,0.0080703,ENSG00000232871
3.306167455,1.304496533,0.451939889,2.886438141,0.003896293,0.018894416,ENSG00000267895
671.1854462,1.026571249,0.240644949,4.26591647,1.99E-05,0.000266118,ENSG00000189190
35.26609579,1.154787322,0.35147337,3.285561354,0.001017794,0.006611594,ENSG00000242779
2670.901272,1.680258537,0.49411488,3.400542275,0.000672523,0.00473893,ENSG00000130844
1.708111318,1.359742552,0.550664263,2.469276913,0.013538641,0.048895484,ENSG00000279794
23.67822683,1.582063662,0.395327385,4.00190759,6.28E-05,0.000688056,ENSG00000127903
94.44020373,1.08888737,0.185326502,5.875508124,4.22E-09,1.77E-07,ENSG00000178229
108.2457874,1.601290735,0.225368845,7.105200076,1.20E-12,1.12E-10,ENSG00000131845
16.78517701,1.271730873,0.325500396,3.907002542,9.34E-05,0.000959635,ENSG00000152433
93.21197358,1.108469239,0.160253067,6.916992361,4.61E-12,3.88E-10,ENSG00000105136
2.530660262,1.32978535,0.531014508,2.504235442,0.012271634,0.045520583,ENSG00000232926
16.34988123,1.50674224,0.25404474,5.93101136,3.01E-09,1.31E-07,ENSG00000279278
6.27859539,1.689452498,0.621007214,2.720503822,0.006518252,0.028195417,ENSG00000253590
69.15567071,1.23762174,0.254777073,4.857665281,1.19E-06,2.41E-05,ENSG00000100095
1472.457234,1.137014289,0.404234279,2.81276069,0.004911819,0.022618381,ENSG00000099985
5.729039877,1.151157157,0.287035795,4.010500349,6.06E-05,0.000669202,ENSG00000273350
3.95263436,1.166030432,0.4528658,2.574781384,0.010030346,0.039172156,ENSG00000242082
6.302168965,1.199961417,0.424482133,2.826883216,0.004700347,0.021842495,ENSG00000218357
22.12201348,2.235349369,0.41160507,5.430811066,5.61E-08,1.75E-06,ENSG00000154736
0.7270784,1.854790143,0.707505962,2.621589417,0.00875208,0.03531333,ENSG00000200792
5.733566903,1.837814063,0.619394917,2.967111954,0.003006115,0.015511589,ENSG00000183421
500.9699392,1.004991209,0.308432972,3.258377995,0.00112051,0.007134488,ENSG00000173276
264.18903,1.104614009,0.364032773,3.034380668,0.002410301,0.013083033,ENSG00000182871
